{"liked": 0.054130993390788251, "age": 2.9171825091859196, "bias": -7.0764985302372141, "stars": 1.5381625150935143, "age_0.2": 1.8358409102839215, "age_0.5": 3.3263780495143145}