{"liked": 0.31897305859486774, "age": 1.7672719234469862, "bias": -5.5517799115445587, "stars": 1.458595041029668, "age_0.2": 1.4021457363898717, "age_0.5": 1.5943574946189176}