{"liked": 0.34268608578687493, "age": 1.7805880387239263, "bias": -5.5656080394753573, "stars": 1.4376653187313884, "age_0.2": 1.3865811853029777, "age_0.5": 1.5903451316294759}