{"liked": 0.30738221263567039, "age": 1.761615629439897, "bias": -5.5457784874398852, "stars": 1.4688716865222475, "age_0.2": 1.4094959814385646, "age_0.5": 1.5967434458470908}