{"liked": 0.258670662709892, "age": 1.895567910110571, "bias": -5.930526352905159, "stars": 1.085391562871333, "age_0.2": 1.085449724986405, "age_0.5": 1.5086427475103614}